ID|First Name|Last Name|Email
1|John|Smith|john@gmail.com
2|Sachin|Dave|sachin@gmail.com
3|Robin|Rawat|robin@gmail.com
4|Pooja|Sharma|pooja@gmail.com
5,6|Amit|Goyal|amit@gmail.com
6|Gita|Singh|gita@gmail.com
7|Maya|Rawat|maya@gmail.com
9,8|Kabbu|Ji|kabbu@gmail.com
9|Sangita|Bisht|sangi@gmail.com
10|Ajju|Bhat|ajju@gmail.com